label	label_pref	user
60s Rock	0.8721262951858032	ali
Rock	0.3582007841054528	ali
Urban	1.941967088037424	ali
Western Hip-Hop/Rap	2.4430505407461003	ali
anger	0.8859575533848266	ali
happiness	0.1495192180127456	ali
medium	0.08018675120727703	ali
neutral	1.4520103677231886	ali
slow	2.029242703398433	ali
Pop	1.8522399906912033	kapil
Western Pop	2.093467260064031	kapil
anger	0.24061529204772664	kapil
medium	0.2706940431544151	kapil
neutral	0.9684591494861399	kapil
