label	label_pref	user
60s Rock	0.8721262951858032	ali
Rock	0.3582007841054528	ali
Urban	0.48549177200935595	ali
Western Hip-Hop/Rap	0.6107626351865251	ali
anger	0.22148938834620666	ali
happiness	0.1495192180127456	ali
medium	0.08018675120727702	ali
neutral	0.5781650461059258	ali
slow	0.5073106758496082	ali
